actual,proposed
0.0,0.0
0.0,0.0
0.0,0.0
0.0,0.0
0.0,0.0
0.0,0.0
0.0,0.0
-0.06908771395683289,0.0
-0.0718885213136673,-0.010935558006167412
-0.07375572621822357,-0.017008798196911812
-0.07562292367219925,-0.023162156343460083
-0.08231135457754135,-0.029541051015257835
-0.08627808094024658,-0.0385679267346859
-0.0882614403963089,-0.04707556590437889
-0.09123647958040237,-0.054980818182229996
-0.09520316869020462,-0.06400573998689651
-0.09851530194282532,-0.07428928464651108
-0.10249559581279755,-0.08475795388221741
-0.10747094452381134,-0.09661704301834106
-0.11344131827354431,-0.10747094452381134
-0.11841660737991333,-0.11344131827354431
-0.12584461271762848,-0.11841660737991333
-0.13289155066013336,-0.12584461271762848
-0.13993841409683228,-0.13289155066013336
-0.14597854018211365,-0.13993841409683228
-0.15403196215629578,-0.14597854018211365
-0.16309194266796112,-0.15403196215629578
-0.15489612519741058,-0.16309194266796112
-0.16214215755462646,-0.15489612519741058
-0.16938813030719757,-0.16214215755462646
-0.17663399875164032,-0.16938813030719757
-0.1838797926902771,-0.17663399875164032
-0.19743956625461578,-0.1838797926902771
-0.20496012270450592,-0.19743956625461578
-0.2124805897474289,-0.20496012270450592
-0.21812087297439575,-0.2124805897474289
-0.22470109164714813,-0.22470109164714813
-0.22936350107192993,-0.22390331327915192
-0.23573365807533264,-0.22936350107192993
-0.24119369685649872,-0.23573365807533264
-0.24574369192123413,-0.24119369685649872
-0.26237788796424866,-0.24574369192123413
-0.2671300768852234,-0.26237788796424866
-0.27093181014060974,-0.2671300768852234
-0.2756839096546173,-0.27093181014060974
-0.2794855535030365,-0.2756839096546173
-0.2832871675491333,-0.2794855535030365
-0.311274915933609,-0.2832871675491333
-0.3153965175151825,-0.311274915933609
-0.3184877038002014,-0.3153965175151825
-0.3195180892944336,-0.3184877038002014
-0.3195180892944336,-0.3195180892944336
-0.26082804799079895,-0.3195180892944336
-0.26082804799079895,-0.26082804799079895
-0.26082804799079895,-0.26082804799079895
-0.26082804799079895,-0.26082804799079895
-0.26082804799079895,-0.26082804799079895
-0.24041633307933807,-0.26082804799079895
-0.24041633307933807,-0.24041633307933807
-0.2396358996629715,-0.24041633307933807
-0.23807501792907715,-0.2396358996629715
-0.23729458451271057,-0.23807501792907715
-0.30644071102142334,-0.23729458451271057
-0.3033873438835144,-0.30644071102142334
-0.1999959945678711,-0.3033873438835144
-0.19796237349510193,-0.1999959945678711
-0.19525088369846344,-0.19796237349510193
-0.19321726262569427,-0.19525088369846344
-0.18482241034507751,-0.19321726262569427
-0.18221034109592438,-0.18482241034507751
-0.18025128543376923,-0.18221034109592438
-0.17829221487045288,-0.18025128543376923
-0.17502710223197937,-0.17829221487045288
-0.14439891278743744,-0.17502710223197937
-0.14330504834651947,-0.14439891278743744
-0.14057038724422455,-0.14330504834651947
-0.13947650790214539,-0.14057038724422455
-0.13783571124076843,-0.13947650790214539
-0.1481766253709793,-0.13783571124076843
-0.14698652923107147,-0.1481766253709793
-0.14639148116111755,-0.14698652923107147
-0.14579643309116364,-0.14639148116111755
-0.1446063369512558,-0.14579643309116364
-0.13512052595615387,-0.1446063369512558
-0.13456450402736664,-0.13512052595615387
-0.13456450402736664,-0.13456450402736664
-0.13512052595615387,-0.13456450402736664
-0.1356765478849411,-0.13512052595615387
-0.1373445987701416,-0.1356765478849411
-0.1592152863740921,-0.1373445987701416
-0.16178306937217712,-0.1592152863740921
-0.16370889544487,-0.16178306937217712
-0.16627667844295502,-0.16370889544487
-0.1694863736629486,-0.16627667844295502
-0.17415045201778412,-0.1694863736629486
-0.17738714814186096,-0.17415045201778412
-0.18127115070819855,-0.17738714814186096
-0.18580244481563568,-0.18127115070819855
-0.19033372402191162,-0.18580244481563568
-0.22304661571979523,-0.19033372402191162
-0.23199686408042908,-0.22304661571979523
-0.2387094646692276,-0.23199686408042908
-0.24616777896881104,-0.2387094646692276
-0.25288015604019165,-0.25288015604019165
-0.2465582638978958,-0.2375815212726593
-0.25208231806755066,-0.2465582638978958
-0.25829681754112244,-0.25208231806755066
-0.26451119780540466,-0.25829681754112244
-0.26796358823776245,-0.26451119780540466
-0.2915705740451813,-0.26796358823776245
-0.29811280965805054,-0.2915705740451813
-0.30392804741859436,-0.29811280965805054
-0.30974313616752625,-0.30392804741859436
-0.31483128666877747,-0.30974313616752625
-0.30518847703933716,-0.31483128666877747
-0.3100423514842987,-0.30518847703933716
-0.31212255358695984,-0.3100423514842987
-0.31281596422195435,-0.31212255358695984
-0.3148961365222931,-0.31281596422195435
-0.3242836594581604,-0.3148961365222931
-0.3249899446964264,-0.3242836594581604
-0.3256962299346924,-0.3249899446964264
-0.3278150260448456,-0.3256962299346924
-0.3292275369167328,-0.3278150260448456
-0.3755992650985718,-0.3292275369167328
-0.37639978528022766,-0.3755992650985718
-0.3755992650985718,-0.37639978528022766
-0.3747987449169159,-0.3755992650985718
-0.27781012654304504,-0.3747987449169159
-0.2512248754501343,-0.27781012654304504
-0.2501375377178192,-0.2512248754501343
-0.24905018508434296,-0.2501375377178192
-0.2479628175497055,-0.24905018508434296
-0.24687547981739044,-0.2479628175497055
-0.2457880973815918,-0.24687547981739044
-0.22436940670013428,-0.2457880973815918
-0.22287051379680634,-0.22436940670013428
-0.2213716059923172,-0.22287051379680634
-0.21987269818782806,-0.2213716059923172
-0.21837379038333893,-0.21987269818782806
-0.24369306862354279,-0.21837379038333893
-0.24313294887542725,-0.24369306862354279
-0.24201272428035736,-0.24313294887542725
-0.24089248478412628,-0.24201272428035736
-0.2397722601890564,-0.24089248478412628
-0.2217925488948822,-0.2397722601890564
-0.22075141966342926,-0.2217925488948822
-0.2197103053331375,-0.22075141966342926
-0.21918973326683044,-0.2197103053331375
-0.21918973326683044,-0.21918973326683044
-0.19730335474014282,-0.21918973326683044
-0.19730335474014282,-0.19730335474014282
-0.19730335474014282,-0.19730335474014282
-0.1963639259338379,-0.19730335474014282
-0.19589421153068542,-0.1963639259338379
-0.1949547827243805,-0.19589421153068542
-0.22265653312206268,-0.1949547827243805
-0.22372683882713318,-0.22265653312206268
-0.22533227503299713,-0.22372683882713318
-0.22640256583690643,-0.22533227503299713
-0.22693772614002228,-0.22640256583690643
-0.2030028998851776,-0.22693772614002228
-0.20347937941551208,-0.2030028998851776
-0.20395585894584656,-0.20347937941551208
-0.20395585894584656,-0.20395585894584656
-0.20490878820419312,-0.20395585894584656
-0.21461404860019684,-0.20490878820419312
-0.21511192619800568,-0.21461404860019684
-0.21560978889465332,-0.21511192619800568
-0.216605544090271,-0.21560978889465332
-0.21710340678691864,-0.216605544090271
-0.21809916198253632,-0.21710340678691864
-0.20324808359146118,-0.21809916198253632
-0.1600855439901352,-0.20324808359146118
-0.16044935584068298,-0.1600855439901352
-0.16081315279006958,-0.16044935584068298
-0.16117694973945618,-0.16081315279006958
-0.17954115569591522,-0.16117694973945618
-0.1799464076757431,-0.17954115569591522
-0.18035165965557098,-0.1799464076757431
-0.18075689673423767,-0.18035165965557098
-0.18116213381290436,-0.18075689673423767
-0.14241351187229156,-0.18116213381290436
-0.14273136854171753,-0.14241351187229156
-0.14336711168289185,-0.14273136854171753
-0.14432071149349213,-0.14336711168289185
-0.1452743113040924,-0.14432071149349213
-0.15014398097991943,-0.1452743113040924
-0.15144950151443481,-0.15014398097991943
-0.1527549922466278,-0.15144950151443481
-0.154060497879982,-0.1527549922466278
-0.15699787437915802,-0.15536600351333618
-0.14560621976852417,-0.15699787437915802
-0.14740370213985443,-0.14560621976852417
-0.14890159666538239,-0.14740370213985443
-0.15099866688251495,-0.14890159666538239
-0.15309572219848633,-0.15099866688251495
-0.15650251507759094,-0.15309572219848633
-0.1586131751537323,-0.15650251507759094
-0.16102536022663116,-0.1586131751537323
-0.16343751549720764,-0.16102536022663116
-0.16615121066570282,-0.16343751549720764
-0.21907706558704376,-0.16615121066570282
-0.2222062647342682,-0.21907706558704376
-0.2249443084001541,-0.2222062647342682
-0.22846461832523346,-0.2249443084001541
-0.2319849133491516,-0.22846461832523346
-0.27835947275161743,-0.2319849133491516
-0.28113776445388794,-0.27835947275161743
-0.28391605615615845,-0.28113776445388794
-0.2871573567390442,-0.28391605615615845
-0.29039862751960754,-0.2871573567390442
-0.3055165112018585,-0.29039862751960754
-0.3088887631893158,-0.3055165112018585
-0.3112974762916565,-0.3088887631893158
-0.3141879141330719,-0.3112974762916565
-0.3165965974330902,-0.3141879141330719
-0.2627622187137604,-0.3165965974330902
-0.24125847220420837,-0.2627622187137604
-0.2419806867837906,-0.24125847220420837
-0.2419806867837906,-0.2419806867837906
-0.2423417717218399,-0.2419806867837906
-0.2427028864622116,-0.2423417717218399
-0.24635188281536102,-0.2427028864622116
-0.2467184215784073,-0.24635188281536102
-0.24745146930217743,-0.2467184215784073
-0.2478179931640625,-0.24745146930217743
-0.24818451702594757,-0.24818451702594757
-0.2946406304836273,-0.2950763702392578
-0.29376915097236633,-0.2946406304836273
-0.29333341121673584,-0.29376915097236633
-0.29333341121673584,-0.29333341121673584
-0.33092692494392395,-0.29333341121673584
-0.33092692494392395,-0.33092692494392395
-0.33092692494392395,-0.33092692494392395
-0.3314177393913269,-0.33092692494392395
-0.3314177393913269,-0.3314177393913269
-0.33190858364105225,-0.3314177393913269
-0.37093740701675415,-0.33190858364105225
-0.3720311224460602,-0.37093740701675415
-0.373124897480011,-0.3720311224460602
-0.373124897480011,-0.373124897480011
-0.3736717700958252,-0.373124897480011
-0.38925623893737793,-0.3736717700958252
-0.3903938829898834,-0.38925623893737793
-0.39210036396980286,-0.3903938829898834
-0.34205591678619385,-0.39210036396980286
-0.34304556250572205,-0.34205591678619385
-0.37187525629997253,-0.34304556250572205
-0.37187525629997253,-0.37187525629997253
-0.3724116384983063,-0.37187525629997253
-0.3724116384983063,-0.3724116384983063
-0.3729480504989624,-0.3724116384983063
-0.3729480504989624,-0.3729480504989624
-0.3574502468109131,-0.3729480504989624
-0.3579636216163635,-0.3574502468109131
-0.3579636216163635,-0.3579636216163635
-0.3589903712272644,-0.3579636216163635
-0.3600171208381653,-0.3589903712272644
-0.5497400164604187,-0.5462813377380371
-0.5538904070854187,-0.5497400164604187
-0.5959321856498718,-0.5538904070854187
-0.5996295809745789,-0.5959321856498718
-0.6025874018669128,-0.5996295809745789
-0.6062847375869751,-0.6025874018669128
-0.6092424988746643,-0.6062847375869751
-0.6583497524261475,-0.6092424988746643
-0.6615298390388489,-0.6583497524261475
-0.6655048131942749,-0.6615298390388489
-0.6694796681404114,-0.6655048131942749
-0.6726595163345337,-0.6694796681404114
-0.7731040120124817,-0.6726595163345337
-0.7712302803993225,-0.7731040120124817
-0.7748317718505859,-0.7712302803993225
-0.7793336510658264,-0.7748317718505859
-0.7829349040985107,-0.7793336510658264
-0.8587606549263,-0.7829349040985107
-0.8636736869812012,-0.8587606549263
-0.8676038980484009,-0.8636736869812012
-0.8705514073371887,-0.8676038980484009
-0.8744814991950989,-0.8705514073371887
-0.8784113526344299,-0.8744814991950989
-0.9930347204208374,-0.8784113526344299
-0.9974545240402222,-0.9930347204208374
-0.9996643662452698,-0.9974545240402222
-1.002979040145874,-0.9996643662452698
-1.0051887035369873,-1.002979040145874
-1.0633149147033691,-1.0051887035369873
-1.0633149147033691,-1.0633149147033691
-1.0644819736480713,-1.0633149147033691
-1.0691498517990112,-1.0644819736480713
-1.0714837312698364,-1.0691498517990112
-1.3484917879104614,-1.0714837312698364
-1.3470228910446167,-1.3484917879104614
-1.3499605655670166,-1.3470228910446167
-1.3528982400894165,-1.3499605655670166
-1.3573042154312134,-1.3528982400894165
-1.5573174953460693,-1.3573042154312134
-1.5589995384216309,-1.5573174953460693
-1.562363624572754,-1.5589995384216309
-1.562363624572754,-1.562363624572754
-1.562363624572754,-1.562363624572754
-1.5640455484390259,-1.562363624572754
-1.7891957759857178,-1.5640455484390259
-1.791113257408142,-1.7891957759857178
-1.7930307388305664,-1.791113257408142
-1.7987827062606812,-1.7930307388305664
-1.8006999492645264,-1.7987827062606812
-2.0170812606811523,-1.8006999492645264
-2.0213654041290283,-2.0170812606811523
-2.0235073566436768,-2.0213654041290283
-2.0235073566436768,-2.0235073566436768
-2.0235073566436768,-2.0235073566436768
-2.4711484909057617,-2.0235073566436768
-2.473745346069336,-2.4711484909057617
-2.473745346069336,-2.473745346069336
-2.476341962814331,-2.473745346069336
-2.473745346069336,-2.476341962814331
-2.473745346069336,-2.473745346069336
-2.884892463684082,-2.473745346069336
-2.884892463684082,-2.884892463684082
-2.890901565551758,-2.884892463684082
-2.8939056396484375,-2.890901565551758
-2.8999130725860596,-2.8939056396484375
-3.1076269149780273,-2.8999130725860596
-3.110826253890991,-3.1076269149780273
-3.114025354385376,-3.110826253890991
-3.1076269149780273,-3.114025354385376
-3.1076269149780273,-3.1076269149780273
-3.464747428894043,-3.1076269149780273
-3.461209535598755,-3.464747428894043
-3.461209535598755,-3.461209535598755
-3.461209535598755,-3.461209535598755
-3.4576711654663086,-3.461209535598755
-3.6787192821502686,-3.4576711654663086
-3.6824653148651123,-3.6787192821502686
-3.6824653148651123,-3.6824653148651123
-3.6824653148651123,-3.6824653148651123
-3.6824653148651123,-3.6824653148651123
-3.880425453186035,-3.6824653148651123
-3.8725829124450684,-3.880425453186035
-3.8647384643554688,-3.8725829124450684
-3.8686609268188477,-3.8647384643554688
-3.8686609268188477,-3.8686609268188477
-3.8686609268188477,-3.8686609268188477
-4.008702278137207,-3.8686609268188477
-4.00465202331543,-4.008702278137207
-4.000600337982178,-4.00465202331543
-3.996548652648926,-4.000600337982178
-3.996548652648926,-3.996548652648926
-4.058136940002441,-3.996548652648926
-4.058136940002441,-4.058136940002441
-4.054023742675781,-4.058136940002441
-4.049910068511963,-4.054023742675781
-4.049910068511963,-4.049910068511963
-4.1889519691467285,-4.049910068511963
-4.1931915283203125,-4.1889519691467285
-4.1931915283203125,-4.1931915283203125
-4.1931915283203125,-4.1931915283203125
-4.1889519691467285,-4.1931915283203125
-4.37698221206665,-4.1889519691467285
-4.37698221206665,-4.37698221206665
-4.37698221206665,-4.37698221206665
-4.37698221206665,-4.37698221206665
-4.37698221206665,-4.37698221206665
-4.37698221206665,-4.37698221206665
-4.463987827301025,-4.37698221206665
-4.459506988525391,-4.463987827301025
-4.459506988525391,-4.459506988525391
-4.459506988525391,-4.459506988525391
-4.455025672912598,-4.459506988525391
-4.815515041351318,-4.455025672912598
-4.820308685302734,-4.815515041351318
-4.815515041351318,-4.820308685302734
-4.810719966888428,-4.815515041351318
-4.805923938751221,-4.810719966888428
-5.2202839851379395,-4.805923938751221
-5.20997428894043,-5.2202839851379395
-5.204817771911621,-5.20997428894043
-5.204817771911621,-5.204817771911621
-5.19965934753418,-5.204817771911621
-5.19965934753418,-5.19965934753418
-5.446568489074707,-5.19965934753418
-5.441202640533447,-5.446568489074707
-5.441202640533447,-5.441202640533447
-5.451932907104492,-5.441202640533447
-5.441202640533447,-5.451932907104492
-5.690828323364258,-5.441202640533447
-5.685257911682129,-5.690828323364258
-5.690828323364258,-5.685257911682129
-5.679686069488525,-5.690828323364258
-5.679686069488525,-5.679686069488525
-5.9930572509765625,-5.679686069488525
-5.987244129180908,-5.9930572509765625
-5.981428623199463,-5.987244129180908
-5.987244129180908,-5.981428623199463
-5.987244129180908,-5.987244129180908
-6.31361722946167,-5.987244129180908
-6.301506042480469,-6.31361722946167
-6.301506042480469,-6.301506042480469
-6.28938627243042,-6.301506042480469
-6.283323287963867,-6.28938627243042
-6.610625743865967,-6.283323287963867
-6.604323387145996,-6.610625743865967
-6.604323387145996,-6.604323387145996
-6.604323387145996,-6.604323387145996
-6.598017692565918,-6.604323387145996
-6.591710090637207,-6.598017692565918
-6.822286128997803,-6.591710090637207
-6.81581974029541,-6.822286128997803
-6.8028788566589355,-6.81581974029541
-6.796403884887695,-6.8028788566589355
-6.796403884887695,-6.796403884887695
-7.195815563201904,-6.796403884887695
-7.20253324508667,-7.195815563201904
-7.195815563201904,-7.20253324508667
-7.195815563201904,-7.195815563201904
-7.195815563201904,-7.195815563201904
-7.369630813598633,-7.195815563201904
-7.376453876495361,-7.369630813598633
-7.376453876495361,-7.376453876495361
-7.369630813598633,-7.376453876495361
-7.362804889678955,-7.369630813598633
-7.464915752410889,-7.362804889678955
-7.451131343841553,-7.464915752410889
-7.437332630157471,-7.451131343841553
-7.437332630157471,-7.437332630157471
-7.4442338943481445,-7.437332630157471
-7.451131343841553,-7.4442338943481445
-7.60559606552124,-7.451131343841553
-7.612579822540283,-7.60559606552124
-7.626534461975098,-7.612579822540283
-7.626534461975098,-7.626534461975098
-7.619559288024902,-7.626534461975098
-7.7700581550598145,-7.619559288024902
-7.762994289398193,-7.7700581550598145
-7.755927085876465,-7.762994289398193
-7.755927085876465,-7.755927085876465
-7.762994289398193,-7.755927085876465
-7.708244800567627,-7.762994289398193
-7.687028884887695,-7.708244800567627
-7.665777206420898,-7.687028884887695
-7.651590824127197,-7.665777206420898
-7.644491195678711,-7.651590824127197
-7.71612548828125,-7.644491195678711
-7.730384826660156,-7.71612548828125
-7.730384826660156,-7.730384826660156
-7.70898962020874,-7.730384826660156
-7.694705486297607,-7.70898962020874
-7.687557697296143,-7.694705486297607
-7.7137603759765625,-7.687557697296143
-7.706593990325928,-7.7137603759765625
-7.699423789978027,-7.706593990325928
-7.692249298095703,-7.699423789978027
-7.706593990325928,-7.692249298095703
-7.77522087097168,-7.706593990325928
-7.768012523651123,-7.77522087097168
-7.77522087097168,-7.768012523651123
-7.782426357269287,-7.77522087097168
-7.782426357269287,-7.782426357269287
-7.877930164337158,-7.782426357269287
-7.8851752281188965,-7.877930164337158
-7.899653911590576,-7.8851752281188965
-7.914114475250244,-7.899653911590576
-7.92133903503418,-7.914114475250244
-7.90435791015625,-7.92133903503418
-7.918760299682617,-7.90435791015625
-7.933145523071289,-7.918760299682617
-7.940331935882568,-7.933145523071289
-7.954692840576172,-7.940331935882568
-7.976202487945557,-7.954692840576172
-8.069795608520508,-7.976202487945557
-8.076990127563477,-8.0
-8.084179878234863,-8.0
-8.091364860534668,-8.0
-8.098546981811523,-8.0
-8.157495498657227,-8.0
-8.179054260253906,-8.0
-8.200573921203613,-8.0
-8.222055435180664,-8.0
-8.243497848510742,-8.0
-8.281332969665527,-8.0
-8.288481712341309,-8.0
-8.302766799926758,-8.0
-8.302766799926758,-8.0
-8.317034721374512,-8.0
-8.535489082336426,-8.0
-8.549919128417969,-8.0
-8.564332008361816,-8.0
-8.57872486114502,-8.0
-8.585914611816406,-8.0
-8.585914611816406,-8.0
-8.678116798400879,-8.0
-8.678116798400879,-8.0
-8.678116798400879,-8.0
-8.670896530151367,-8.0
-8.670896530151367,-8.0
-8.615765571594238,-8.0
-8.615765571594238,-8.0
-8.615765571594238,-8.0
-8.615765571594238,-8.0
-8.622970581054688,-8.0
-8.562996864318848,-8.0
-8.570172309875488,-8.0
-8.570172309875488,-8.0
-8.562996864318848,-8.0
-8.570172309875488,-8.0
-8.634302139282227,-8.0
-8.634302139282227,-8.0
-8.64867877960205,-8.0
-8.64867877960205,-8.0
-8.655858993530273,-8.0
-8.655858993530273,-8.0
-8.782989501953125,-8.0
-8.775749206542969,-8.0
-8.76850414276123,-8.0
-8.775749206542969,-8.0
-8.775749206542969,-8.0
-8.722200393676758,-8.0
-8.736632347106934,-8.0
-8.743842124938965,-8.0
-8.729418754577637,-8.0
-8.714977264404297,-8.0
-8.79126262664795,-8.0
-8.784004211425781,-8.0
-8.776740074157715,-8.0
-8.769472122192383,-8.0
-8.776740074157715,-8.0
-8.795136451721191,-8.0
-8.787860870361328,-8.0
-8.773295402526855,-8.0
-8.773295402526855,-8.0
-8.766005516052246,-8.0
-8.751410484313965,-8.0
-8.78587532043457,-8.0
-8.778533935546875,-8.0
-8.771186828613281,-8.0
-8.756478309631348,-8.0
-8.749115943908691,-8.0
-8.79182243347168,-8.0
-8.784445762634277,-8.0
-8.784445762634277,-8.0
-8.77706527709961,-8.0
-8.77706527709961,-8.0
-8.776637077331543,-8.0
-8.776637077331543,-8.0
-8.769259452819824,-8.0
-8.754488945007324,-8.0
-8.732295989990234,-8.0
-8.71284008026123,-8.0
-8.698003768920898,-8.0
-8.668272972106934,-8.0
-8.64592170715332,-8.0
-8.61605167388916,-8.0
-8.617321968078613,-8.0
-8.594791412353516,-8.0
-8.564679145812988,-8.0
-8.549592971801758,-8.0
-8.542043685913086,-8.0
-8.51936149597168,-8.0
-8.516014099121094,-8.0
-8.500802040100098,-8.0
-8.493188858032227,-8.0
-8.470318794250488,-8.0
-8.462685585021973,-8.0
-8.44764518737793,-8.0
-8.432341575622559,-8.0
-8.432341575622559,-8.0
-8.432341575622559,-8.0
-8.424683570861816,-8.0
-8.350308418273926,-8.0
-8.350308418273926,-8.0
-8.357948303222656,-8.0
-8.365584373474121,-8.0
-8.373214721679688,-8.0
-8.380840301513672,-8.0
-8.235908508300781,-8.0
-8.250985145568848,-8.0
-8.273563385009766,-8.0
-8.296099662780762,-8.0
-8.311100006103516,-8.0
-8.356457710266113,-8.0
-8.378911972045898,-8.0
-8.401322364807129,-8.0
-8.423690795898438,-8.0
-8.431137084960938,-8.0
-8.393301010131836,-8.0
-8.415485382080078,-8.0
-8.452363967895508,-8.0
-8.481781959533691,-8.0
-8.525768280029297,-8.0
-8.464110374450684,-8.0
-8.493075370788574,-8.0
-8.521966934204102,-8.0
-8.543587684631348,-8.0
-8.557978630065918,-8.0
-8.572351455688477,-8.0
-8.53104019165039,-8.0
-8.545330047607422,-8.0
-8.545330047607422,-8.0
-8.545330047607422,-8.0
-8.545330047607422,-8.0
-8.506413459777832,-8.0
-8.492142677307129,-8.0
-8.485000610351562,-8.0
-8.477853775024414,-8.0
-8.470703125,-8.0
-8.412928581237793,-8.0
-8.398649215698242,-8.0
-8.39150333404541,-8.0
-8.39150333404541,-8.0
-8.398649215698242,-8.0
-8.309181213378906,-8.0
-8.294936180114746,-8.0
-8.3020601272583,-8.0
-8.31629753112793,-8.0
-8.31629753112793,-8.0
-8.215087890625,-8.0
-8.208011627197266,-8.0
-8.208011627197266,-8.0
-8.215087890625,-8.0
-8.222160339355469,-8.0
-8.229228973388672,-8.0
-8.25341510772705,-8.0
-8.25341510772705,-8.0
-8.25341510772705,-8.0
-8.25341510772705,-8.0
-8.26047420501709,-8.0
-8.222904205322266,-8.0
-8.22994327545166,-8.0
-8.222904205322266,-8.0
-8.215862274169922,-8.0
-8.215862274169922,-8.0
-8.208462715148926,-8.0
-8.208462715148926,-8.0
-8.194372177124023,-8.0
-8.180264472961426,-8.0
-8.166141510009766,-8.0
-8.026017189025879,-8.0
-8.005006790161133,-8.0
-8.005006790161133,-8.0
-7.99098014831543,-8.0
-7.976938247680664,-7.99098014831543
-7.976938247680664,-7.976938247680664
-7.849761962890625,-7.976938247680664
-7.856727123260498,-7.849761962890625
-7.856727123260498,-7.856727123260498
-7.842792987823486,-7.856727123260498
-6.712690830230713,-6.719359397888184
-6.69266939163208,-6.712690830230713
-6.6859893798828125,-6.69266939163208
-6.561649799346924,-6.6859893798828125
-6.568248271942139,-6.561649799346924
-6.568248271942139,-6.568248271942139
-6.568248271942139,-6.568248271942139
-6.561649799346924,-6.568248271942139
-6.473837375640869,-6.561649799346924
-6.493385314941406,-6.473837375640869
-6.512909889221191,-6.493385314941406
-6.525912284851074,-6.512909889221191
-6.545396327972412,-6.525912284851074
-6.564855575561523,-6.545396327972412
-6.496432304382324,-6.564855575561523
-6.521972179412842,-6.496432304382324
-6.5410990715026855,-6.521972179412842
-6.566566467285156,-6.5410990715026855
-6.579283714294434,-6.566566467285156
-6.451158046722412,-6.579283714294434
-6.476119518280029,-6.451158046722412
-6.494815349578857,-6.476119518280029
-6.507266521453857,-6.494815349578857
-6.532139778137207,-6.507266521453857
-6.363232135772705,-6.532139778137207
-6.381467342376709,-6.363232135772705
-6.39968204498291,-6.381467342376709
-6.411813735961914,-6.39968204498291
-6.429994106292725,-6.411813735961914
-6.442340850830078,-6.429994106292725
-6.454428195953369,-6.442340850830078
-6.460468292236328,-6.454428195953369
-6.466506004333496,-6.460468292236328
-6.478574275970459,-6.466506004333496
-6.427638530731201,-6.478574275970459
-6.433621883392334,-6.427638530731201
-6.433621883392334,-6.433621883392334
-6.439602851867676,-6.433621883392334
-6.445581912994385,-6.439602851867676
-6.439602851867676,-6.445581912994385
-6.332334995269775,-6.439602851867676
-6.338240146636963,-6.332334995269775
-6.344143390655518,-6.338240146636963
-6.338240146636963,-6.344143390655518
-6.332334995269775,-6.338240146636963
-6.251317024230957,-6.332334995269775
-6.257165908813477,-6.251317024230957
-6.251317024230957,-6.257165908813477
-6.257165908813477,-6.251317024230957
-6.245466232299805,-6.257165908813477
-6.154409408569336,-6.245466232299805
-6.154409408569336,-6.154409408569336
-6.154409408569336,-6.154409408569336
-6.148626804351807,-6.154409408569336
-6.154409408569336,-6.148626804351807
-6.062010288238525,-6.154409408569336
-6.06773042678833,-6.062010288238525
-6.062010288238525,-6.06773042678833
-6.050564289093018,-6.062010288238525
-6.050564289093018,-6.050564289093018
-6.033381462097168,-6.050564289093018
-5.932002067565918,-6.033381462097168
-5.926339149475098,-5.932002067565918
-5.9150071144104,-5.926339149475098
-5.926339149475098,-5.9150071144104
-5.920673847198486,-5.926339149475098
-5.919516086578369,-5.920673847198486
-5.902513027191162,-5.919516086578369
-5.9138503074646,-5.902513027191162
-5.919516086578369,-5.9138503074646
-5.908182621002197,-5.919516086578369
-5.82130765914917,-5.908182621002197
-5.82130765914917,-5.82130765914917
-5.815697193145752,-5.82130765914917
-5.815697193145752,-5.815697193145752
-5.815697193145752,-5.815697193145752
-5.810084819793701,-5.815697193145752
-5.723479747772217,-5.810084819793701
-5.717926025390625,-5.723479747772217
-5.717926025390625,-5.717926025390625
-5.7123703956604,-5.717926025390625
-5.706813812255859,-5.7123703956604
-5.555794715881348,-5.706813812255859
-5.5448994636535645,-5.555794715881348
-5.539449691772461,-5.5448994636535645
-5.5448994636535645,-5.539449691772461
-5.539449691772461,-5.390028953552246
-5.37925910949707,-5.390028953552246
-5.363092422485352,-5.37925910949707
-5.299263000488281,-5.299263000488281
-5.288547992706299,-5.288547992706299
-5.256369113922119,-5.267101764678955
-5.240260601043701,-5.256369113922119
-5.229514122009277,-5.240260601043701
-5.02830171585083,-5.229514122009277
-5.017873287200928,-5.017873287200928
-4.991777420043945,-5.007438659667969
-4.9708781242370605,-4.991777420043945
-4.801388263702393,-4.9708781242370605
-4.79121208190918,-4.801388263702393
-4.786121845245361,-4.79121208190918
-4.786121845245361,-4.786121845245361
-4.786121845245361,-4.786121845245361
-4.539906024932861,-4.786121845245361
-4.544774532318115,-4.539906024932861
-4.544774532318115,-4.544774532318115
-4.544774532318115,-4.544774532318115
-4.3500261306762695,-4.544774532318115
-4.354715824127197,-4.3500261306762695
-4.359404563903809,-4.354715824127197
-4.3640923500061035,-4.359404563903809
-4.368779182434082,-4.3640923500061035
-4.378150463104248,-4.368779182434082
-4.231828212738037,-4.378150463104248
-4.240907669067383,-4.231828212738037
-4.249984264373779,-4.240907669067383
-4.254521369934082,-4.249984264373779
-4.259057998657227,-4.254521369934082
-4.087069034576416,-4.259057998657227
-4.0914306640625,-4.087069034576416
-4.095791816711426,-4.0914306640625
-4.100152492523193,-4.095791816711426
-4.1045122146606445,-4.1045122146606445
-4.003758430480957,-3.991050958633423
-4.012226581573486,-4.003758430480957
-4.033385276794434,-4.012226581573486
-4.0545268058776855,-4.033385276794434
-3.9935684204101562,-3.9935684204101562
-3.9977283477783203,-3.9977283477783203
-4.006046295166016,-3.9977283477783203
-4.01436185836792,-4.006046295166016
-4.026830196380615,-4.026830196380615
-3.8295836448669434,-3.8256213665008545
-3.8414673805236816,-3.8295836448669434
-3.849386692047119,-3.8414673805236816
-3.8533456325531006,-3.849386692047119
-3.708320140838623,-3.8533456325531006
-3.71213436126709,-3.708320140838623
-3.7159481048583984,-3.71213436126709
-3.7159481048583984,-3.7159481048583984
-3.7197611331939697,-3.7159481048583984
-3.6358752250671387,-3.7197611331939697
-3.6358752250671387,-3.6358752250671387
-3.6358752250671387,-3.6358752250671387
-3.632140874862671,-3.6358752250671387
-3.628406047821045,-3.632140874862671
-3.507593870162964,-3.632140874862671
-3.5148255825042725,-3.507593870162964
-3.5039772987365723,-3.5148255825042725
-3.4967427253723145,-3.5039772987365723
-3.4931247234344482,-3.4967427253723145
-3.4931247234344482,-3.4931247234344482
-3.3597419261932373,-3.3597419261932373
-3.3597419261932373,-3.3597419261932373
-3.3597419261932373,-3.3597419261932373
-3.1790361404418945,-3.3597419261932373
-3.1790361404418945,-3.1790361404418945
-3.1823501586914062,-3.1790361404418945
-3.1823501586914062,-3.1823501586914062
-3.1757216453552246,-3.1823501586914062
-2.975708246231079,-3.1757216453552246
-2.9663443565368652,-2.975708246231079
-2.9632225036621094,-2.9663443565368652
-2.9663443565368652,-2.9663443565368652
-2.7339043617248535,-2.9632225036621094
-2.7310028076171875,-2.7339043617248535
-2.7281012535095215,-2.7310028076171875
-2.722297191619873,-2.7281012535095215
-2.7193949222564697,-2.7193949222564697
-2.6299777030944824,-2.6327948570251465
-2.624342679977417,-2.6299777030944824
-2.6187069416046143,-2.6299777030944824
-2.615889072418213,-2.6187069416046143
-2.5256075859069824,-2.615889072418213
-2.53105092048645,-2.5256075859069824
-2.53105092048645,-2.53105092048645
-2.5201637744903564,-2.53105092048645
-2.511996269226074,-2.5201637744903564
-2.3230535984039307,-2.511996269226074
-2.3205230236053467,-2.3230535984039307
-2.3205230236053467,-2.3205230236053467
-2.3179922103881836,-2.3179922103881836
-2.1122145652770996,-2.3154613971710205
-2.109894037246704,-2.1122145652770996
-2.105253219604492,-2.109894037246704
-2.100611686706543,-2.105253219604492
-2.0959696769714355,-2.100611686706543
-2.093648672103882,-2.093648672103882
-1.8635015487670898,-1.8655825853347778
-1.8635015487670898,-1.8635015487670898
-1.8614202737808228,-1.8635015487670898
-1.8593391180038452,-1.8614202737808228
-1.726046085357666,-1.8593391180038452
-1.7241113185882568,-1.7241113185882568
-1.7241113185882568,-1.7241113185882568
-1.7221763134002686,-1.7221763134002686
-1.5211156606674194,-1.5228378772735596
-1.5211156606674194,-1.5211156606674194
-1.5211156606674194,-1.5211156606674194
-1.5193934440612793,-1.5211156606674194
-1.3468658924102783,-1.5193934440612793
-1.3468658924102783,-1.3468658924102783
-1.3483966588974,-1.3468658924102783
-1.3483966588974,-1.3483966588974
-1.3514580726623535,-1.3483966588974
-1.1907718181610107,-1.3514580726623535
-1.1934665441513062,-1.1907718181610107
-1.1948137283325195,-1.1934665441513062
-1.196160912513733,-1.1948137283325195
-1.196160912513733,-1.196160912513733
-1.196160912513733,-1.196160912513733
-1.0203853845596313,-1.196160912513733
-1.023829460144043,-1.0203853845596313
-1.026125431060791,-1.023829460144043
-1.0284212827682495,-1.026125431060791
-1.031865119934082,-1.0284212827682495
-0.9014498591423035,-1.031865119934082
-0.9044572710990906,-0.9014498591423035
-0.9054597616195679,-0.9044572710990906
-0.9074646234512329,-0.9054597616195679
-0.9094694256782532,-0.9094694256782532
-0.8459960222244263,-0.8459960222244263
-0.8478553295135498,-0.8459960222244263
-0.8506443500518799,-0.8478553295135498
-0.7374765872955322,-0.8506443500518799
-0.7398931384086609,-0.7374765872955322
-0.7415041923522949,-0.7398931384086609
-0.743115246295929,-0.7415041923522949
-0.7447261810302734,-0.7447261810302734
-0.747948169708252,-0.747948169708252
-0.6635491251945496,-0.6621240973472595
-0.6656867861747742,-0.6635491251945496
-0.6671118140220642,-0.6671118140220642
-0.5756711959838867,-0.6685368418693542
-0.5762836933135986,-0.5756711959838867
-0.5762836933135986,-0.5762836933135986
-0.5768961310386658,-0.5762836933135986
-0.5775085091590881,-0.5768961310386658
-0.4736423194408417,-0.5775085091590881
-0.47514814138412476,-0.4746462106704712
-0.4756500720977783,-0.47514814138412476
-0.39310121536254883,-0.4756500720977783
-0.39310121536254883,-0.39310121536254883
-0.39351657032966614,-0.39310121536254883
-0.394347220659256,-0.39351657032966614
-0.3951779305934906,-0.394347220659256
-0.3951779305934906,-0.3951779305934906
-0.3048756718635559,-0.3951779305934906
-0.3045561909675598,-0.3048756718635559
-0.3042367100715637,-0.3045561909675598
-0.3045561909675598,-0.3042367100715637
-0.3045561909675598,-0.3045561909675598
-0.16178196668624878,-0.3045561909675598
-0.16178196668624878,-0.16178196668624878
-0.16178196668624878,-0.16178196668624878
-0.16178196668624878,-0.16178196668624878
-0.16178196668624878,-0.16178196668624878
0.02143363654613495,-0.16178196668624878
0.021411053836345673,0.02143363654613495
0.021411053836345673,0.021411053836345673
0.021411053836345673,0.021411053836345673
0.021411053836345673,0.021411053836345673
0.1739450991153717,0.021411053836345673
0.1739450991153717,0.1739450991153717
0.1739450991153717,0.1739450991153717
0.17376163601875305,0.1739450991153717
0.1735781580209732,0.17376163601875305
0.17376163601875305,0.1735781580209732
0.33214718103408813,0.17376163601875305
0.33214718103408813,0.33214718103408813
0.3335496485233307,0.33214718103408813
0.3335496485233307,0.3335496485233307
0.3335496485233307,0.3335496485233307
0.47762802243232727,0.3335496485233307
0.4796377122402191,0.47762802243232727
0.4801400899887085,0.4796377122402191
0.47913527488708496,0.4801400899887085
0.4786328673362732,0.47913527488708496
0.5641230344772339,0.4786328673362732
0.5647156238555908,0.5641230344772339
0.5653082728385925,0.5647156238555908
0.5653082728385925,0.5653082728385925
0.5647156238555908,0.5653082728385925
0.6363716721534729,0.5647156238555908
0.6370400190353394,0.6363716721534729
0.6363716721534729,0.6370400190353394
0.6357033252716064,0.6363716721534729
0.6357033252716064,0.6357033252716064
0.7762942910194397,0.6357033252716064
0.7746630311012268,0.7762942910194397
0.7738473415374756,0.7738473415374756
0.7722159624099731,0.7730316519737244
0.7722159624099731,0.7722159624099731
0.8458437919616699,0.7722159624099731
0.8440538048744202,0.8458437919616699
0.8431587219238281,0.8440538048744202
0.8422636985778809,0.8431587219238281
0.8431587219238281,0.8422636985778809
0.9175913333892822,0.8431587219238281
0.9166155457496643,0.9175913333892822
0.9156398177146912,0.9166155457496643
0.9146641492843628,0.9156398177146912
0.9146641492843628,0.9146641492843628
1.0020853281021118,1.0020853281021118
1.0020853281021118,1.0020853281021118
1.0031548738479614,1.0020853281021118
1.0031548738479614,1.0031548738479614
1.0020853281021118,1.0031548738479614
1.1473244428634644,1.0020853281021118
1.148546576499939,1.1473244428634644
1.148546576499939,1.148546576499939
1.148546576499939,1.148546576499939
1.1473244428634644,1.148546576499939
1.1878728866577148,1.1473244428634644
1.1878728866577148,1.1878728866577148
1.1878728866577148,1.1878728866577148
1.186606526374817,1.1878728866577148
1.186606526374817,1.186606526374817
1.2139575481414795,1.186606526374817
1.2126622200012207,1.2139575481414795
1.2100715637207031,1.2126622200012207
1.2087761163711548,1.2100715637207031
1.2087761163711548,1.2087761163711548
1.2527846097946167,1.2087761163711548
1.2514410018920898,1.2527846097946167
1.2527846097946167,1.2527846097946167
1.2527846097946167,1.2527846097946167
1.258424997329712,1.2527846097946167
1.2570754289627075,1.258424997329712
1.2570754289627075,1.2570754289627075
1.2557258605957031,1.2570754289627075
1.2557258605957031,1.2557258605957031
1.2543762922286987,1.2557258605957031
1.3786572217941284,1.2543762922286987
1.3771753311157227,1.3786572217941284
1.3771753311157227,1.3771753311157227
1.3786572217941284,1.3771753311157227
1.3786572217941284,1.3786572217941284
1.4368170499801636,1.4352750778198242
1.4383589029312134,1.4368170499801636
1.4399008750915527,1.4383589029312134
1.4383589029312134,1.4399008750915527
1.4831898212432861,1.4383589029312134
1.4831898212432861,1.4831898212432861
1.4831898212432861,1.4831898212432861
1.4831898212432861,1.4831898212432861
1.4831898212432861,1.4831898212432861
1.5944441556930542,1.4831898212432861
1.5961508750915527,1.5944441556930542
1.5978573560714722,1.5961508750915527
1.5978573560714722,1.5978573560714722
1.5961508750915527,1.5978573560714722
1.5961508750915527,1.5961508750915527
1.709328055381775,1.5961508750915527
1.71114981174469,1.709328055381775
1.709328055381775,1.709328055381775
1.709328055381775,1.709328055381775
1.709328055381775,1.709328055381775
1.7267359495162964,1.709328055381775
1.7285759449005127,1.7267359495162964
1.73041570186615,1.7285759449005127
1.73041570186615,1.73041570186615
1.7267359495162964,1.73041570186615
1.7727900743484497,1.7267359495162964
1.774680256843567,1.7727900743484497
1.774680256843567,1.774680256843567
1.7727900743484497,1.774680256843567
1.7690099477767944,1.7727900743484497
1.8320928812026978,1.7690099477767944
1.8320928812026978,1.8320928812026978
1.8320928812026978,1.8320928812026978
1.8301345109939575,1.8320928812026978
1.8301345109939575,1.8301345109939575
1.8411860466003418,1.8281760215759277
1.8392119407653809,1.8411860466003418
1.8372374773025513,1.8392119407653809
1.8352630138397217,1.8372374773025513
1.833288550376892,1.8352630138397217
1.8269667625427246,1.833288550376892
1.8309067487716675,1.8269667625427246
1.8309067487716675,1.8309067487716675
1.8309067487716675,1.8309067487716675
1.8309067487716675,1.8309067487716675
1.8202816247940063,1.8309067487716675
1.8202816247940063,1.8202816247940063
1.8222380876541138,1.8202816247940063
1.8202816247940063,1.8222380876541138
1.8202816247940063,1.8202816247940063
1.9427217245101929,1.8202816247940063
1.9448069334030151,1.9427217245101929
1.9448069334030151,1.9448069334030151
1.9427217245101929,1.9448069334030151
1.9427217245101929,1.9427217245101929
1.9468917846679688,1.9427217245101929
1.9773532152175903,1.9773532152175903
1.9731239080429077,1.9773532152175903
1.9710091352462769,1.9731239080429077
1.9731239080429077,1.9710091352462769
2.0461063385009766,1.9731239080429077
2.0461063385009766,2.0461063385009766
2.048299551010132,2.0461063385009766
2.048299551010132,2.048299551010132
2.048299551010132,2.048299551010132
2.1045289039611816,2.048299551010132
2.1045289039611816,2.1045289039611816
2.106780767440796,2.1045289039611816
2.106780767440796,2.106780767440796
2.1045289039611816,2.106780767440796
2.265869617462158,2.1045289039611816
2.2707130908966064,2.265869617462158
2.27313494682312,2.2707130908966064
2.2707130908966064,2.27313494682312
2.2634475231170654,2.2707130908966064
2.2634475231170654,2.2634475231170654
2.385528087615967,2.2634475231170654
2.385528087615967,2.385528087615967
2.38297700881958,2.385528087615967
2.38297700881958,2.38297700881958
2.38297700881958,2.38297700881958
2.5096757411956787,2.38297700881958
2.5096757411956787,2.5096757411956787
2.5096757411956787,2.5096757411956787
2.5096757411956787,2.5096757411956787
2.5096757411956787,2.5096757411956787
2.6458611488342285,2.5096757411956787
2.648679256439209,2.6458611488342285
2.6458611488342285,2.648679256439209
2.6458611488342285,2.6458611488342285
2.643043041229248,2.6458611488342285
2.635314702987671,2.643043041229248
2.63812518119812,2.635314702987671
2.63812518119812,2.63812518119812
2.635314702987671,2.63812518119812
2.6325042247772217,2.635314702987671
2.626882791519165,2.6325042247772217
2.8126754760742188,2.626882791519165
2.8126754760742188,2.8126754760742188
2.809671401977539,2.8126754760742188
2.8066673278808594,2.809671401977539
2.8036630153656006,2.8036630153656006
2.947167158126831,2.9440200328826904
2.947167158126831,2.947167158126831
2.947167158126831,2.947167158126831
2.947167158126831,2.947167158126831
2.978602409362793,2.978602409362793
2.978602409362793,2.978602409362793
2.978602409362793,2.978602409362793
2.975423574447632,2.978602409362793
3.1008124351501465,2.975423574447632
3.1008124351501465,3.1008124351501465
3.1008124351501465,3.1008124351501465
3.1008124351501465,3.1008124351501465
3.1041173934936523,3.1008124351501465
3.3294827938079834,3.1041173934936523
3.3294827938079834,3.3294827938079834
3.325953722000122,3.3294827938079834
3.3224244117736816,3.325953722000122
3.3224244117736816,3.3224244117736816
3.318894863128662,3.3224244117736816
3.474958896636963,3.318894863128662
3.467573881149292,3.474958896636963
3.463880777359009,3.467573881149292
3.467573881149292,3.463880777359009
3.471266746520996,3.467573881149292
3.594393014907837,3.471266746520996
3.598205804824829,3.594393014907837
3.605830430984497,3.602018356323242
3.602018356323242,3.605830430984497
3.7116260528564453,3.602018356323242
3.7116260528564453,3.7116260528564453
3.707707405090332,3.7116260528564453
3.7037880420684814,3.707707405090332
3.707707405090332,3.7037880420684814
3.707707405090332,3.707707405090332
3.68060302734375,3.707707405090332
3.684495449066162,3.68060302734375
3.688387632369995,3.684495449066162
3.684495449066162,3.688387632369995
3.672816276550293,3.684495449066162
3.6800832748413086,3.672816276550293
3.6800832748413086,3.6800832748413086
3.6800832748413086,3.6800832748413086
3.6761865615844727,3.6800832748413086
3.6722891330718994,3.6761865615844727
3.697733163833618,3.6722891330718994
3.7016592025756836,3.697733163833618
3.697733163833618,3.7016592025756836
3.6938061714172363,3.697733163833618
3.6898787021636963,3.6938061714172363
3.6620657444000244,3.6898787021636963
3.6620657444000244,3.6620657444000244
3.658160448074341,3.6620657444000244
3.658160448074341,3.658160448074341
3.6620657444000244,3.658160448074341
3.6620657444000244,3.6620657444000244
3.653289556503296,3.6620657444000244
3.653289556503296,3.653289556503296
3.649393081665039,3.649393081665039
3.645495891571045,3.649393081665039
3.68149471282959,3.645495891571045
3.68149471282959,3.68149471282959
3.6775577068328857,3.68149471282959
3.6736199855804443,3.6775577068328857
3.6696815490722656,3.6736199855804443
3.6837942600250244,3.6696815490722656
3.679837226867676,3.6837942600250244
3.6837942600250244,3.679837226867676
3.687751054763794,3.6837942600250244
3.691707134246826,3.687751054763794
3.684936046600342,3.691707134246826
3.6809866428375244,3.684936046600342
3.6770365238189697,3.6809866428375244
3.6809866428375244,3.6770365238189697
3.684936046600342,3.6809866428375244
3.7208969593048096,3.684936046600342
3.7248764038085938,3.7208969593048096
3.7368125915527344,3.7248764038085938
3.7487435340881348,3.7368125915527344
3.7487435340881348,3.7487435340881348
3.7368125915527344,3.7487435340881348
3.782618761062622,3.7368125915527344
3.7866406440734863,3.782618761062622
3.7866406440734863,3.7866406440734863
3.7866406440734863,3.7866406440734863
3.7866406440734863,3.7866406440734863
3.8942575454711914,3.7866406440734863
3.8942575454711914,3.8942575454711914
3.8983731269836426,3.8942575454711914
3.9066033363342285,3.8983731269836426
3.9148311614990234,3.9066033363342285
3.92305588722229,3.9148311614990234
4.023338794708252,3.92305588722229
4.031741619110107,4.023338794708252
4.040141582489014,4.031741619110107
4.048538684844971,4.040141582489014
4.048538684844971,4.048538684844971
4.134289264678955,4.048538684844971
4.134289264678955,4.134289264678955
4.134289264678955,4.134289264678955
4.134289264678955,4.134289264678955
4.134289264678955,4.134289264678955
4.198101043701172,4.134289264678955
4.198101043701172,4.198101043701172
4.1937689781188965,4.198101043701172
4.189436435699463,4.1937689781188965
4.189436435699463,4.189436435699463
4.238737106323242,4.189436435699463
4.238737106323242,4.238737106323242
4.234358310699463,4.238737106323242
4.238737106323242,4.234358310699463
4.238737106323242,4.238737106323242
4.507070541381836,4.238737106323242
4.520931243896484,4.507070541381836
4.53478479385376,4.520931243896484
4.544014930725098,4.53478479385376
4.553242206573486,4.544014930725098
4.708868026733398,4.553242206573486
4.7136054039001465,4.708868026733398
4.7183427810668945,4.7183427810668945
4.727814197540283,4.723079204559326
4.7183427810668945,4.727814197540283
4.843415260314941,4.7183427810668945
4.833703994750977,4.838560104370117
4.833703994750977,4.833703994750977
4.838560104370117,4.833703994750977
4.992439270019531,4.838560104370117
4.982421398162842,4.992439270019531
4.977410316467285,4.982421398162842
4.982421398162842,4.977410316467285
4.987431049346924,4.982421398162842
5.254569053649902,4.987431049346924
5.259788990020752,5.254569053649902
5.265007972717285,5.259788990020752
5.2702250480651855,5.265007972717285
5.2702250480651855,5.2702250480651855
5.33707857131958,5.2702250480651855
5.331806659698486,5.33707857131958
5.33707857131958,5.331806659698486
5.342349052429199,5.33707857131958
5.342349052429199,5.342349052429199
5.314337253570557,5.342349052429199
5.309089660644531,5.314337253570557
5.303840637207031,5.309089660644531
5.309089660644531,5.303840637207031
5.303840637207031,5.309089660644531
5.303840637207031,5.303840637207031
5.285695552825928,5.303840637207031
5.285695552825928,5.285695552825928
5.285695552825928,5.285695552825928
5.275234222412109,5.285695552825928
5.264767169952393,5.275234222412109
5.29315710067749,5.264767169952393
5.282626152038574,5.29315710067749
5.282626152038574,5.282626152038574
5.2878923416137695,5.282626152038574
5.2878923416137695,5.2878923416137695
5.375741481781006,5.2878923416137695
5.3810834884643555,5.375741481781006
5.375741481781006,5.3810834884643555
5.365053176879883,5.375741481781006
5.359706401824951,5.365053176879883
5.349009990692139,5.359706401824951
5.345327377319336,5.349009990692139
5.339962005615234,5.345327377319336
5.334595203399658,5.339962005615234
5.329227447509766,5.334595203399658
5.32385778427124,5.32385778427124
5.345258712768555,5.350651741027832
5.350651741027832,5.345258712768555
5.356043815612793,5.350651741027832
5.3398637771606445,5.356043815612793
5.406494140625,5.417428016662598
5.39008092880249,5.406494140625
5.379131317138672,5.39008092880249
5.373654365539551,5.379131317138672
5.438164710998535,5.373654365539551
5.432626247406006,5.438164710998535
5.432626247406006,5.432626247406006
5.432626247406006,5.432626247406006
5.416001319885254,5.432626247406006
5.435778617858887,5.416001319885254
5.435778617858887,5.435778617858887
5.446920871734619,5.435778617858887
5.458057403564453,5.446920871734619
5.458057403564453,5.458057403564453
5.474749565124512,5.458057403564453
5.429514408111572,5.474749565124512
5.435038089752197,5.429514408111572
5.429514408111572,5.435038089752197
5.429514408111572,5.429514408111572
5.429514408111572,5.429514408111572
5.491201400756836,5.429514408111572
5.485625743865967,5.491201400756836
5.47446870803833,5.485625743865967
5.468887805938721,5.47446870803833
5.468887805938721,5.468887805938721
5.528082847595215,5.468887805938721
5.522451400756836,5.528082847595215
5.511183738708496,5.522451400756836
5.511183738708496,5.511183738708496
5.511183738708496,5.511183738708496
5.522451400756836,5.511183738708496
5.657765865325928,5.522451400756836
5.657765865325928,5.657765865325928
5.663514137268066,5.657765865325928
5.669260501861572,5.663514137268066
5.669260501861572,5.669260501861572
5.732206344604492,5.669260501861572
5.732206344604492,5.732206344604492
5.726415634155273,5.726415634155273
5.709033489227295,5.714828968048096
5.727558135986328,5.709033489227295
5.721738338470459,5.727558135986328
5.715917110443115,5.715917110443115
5.704268932342529,5.710093975067139
5.8579206466674805,5.704268932342529
5.863862037658691,5.8579206466674805
5.8579206466674805,5.863862037658691
5.863862037658691,5.8579206466674805
5.863862037658691,5.863862037658691
6.001161575317383,5.863862037658691
5.989060878753662,6.001161575317383
6.001161575317383,5.989060878753662
6.001161575317383,6.001161575317383
6.001161575317383,6.001161575317383
5.995112419128418,6.001161575317383
6.130191326141357,5.995112419128418
6.136337757110596,6.130191326141357
6.136337757110596,6.136337757110596
6.136337757110596,6.136337757110596
6.142481803894043,6.136337757110596
6.243172645568848,6.142481803894043
6.24937629699707,6.243172645568848
6.24937629699707,6.24937629699707
6.25557804107666,6.24937629699707
6.261776924133301,6.25557804107666
6.402266025543213,6.261776924133301
6.40855073928833,6.402266025543213
6.414834022521973,6.40855073928833
6.433668613433838,6.414834022521973
6.439941883087158,6.433668613433838
6.584280490875244,6.439941883087158
6.584280490875244,6.584280490875244
6.597037315368652,6.584280490875244
6.6034111976623535,6.597037315368652
6.6034111976623535,6.6034111976623535
6.6034111976623535,6.6034111976623535
6.644991874694824,6.6034111976623535
6.651378631591797,6.644991874694824
6.644991874694824,6.651378631591797
6.6386027336120605,6.644991874694824
6.62581729888916,6.6386027336120605
6.661338806152344,6.667771816253662
6.667771816253662,6.661338806152344
6.661338806152344,6.667771816253662
6.654902935028076,6.654902935028076
6.589572429656982,6.595970153808594
6.589572429656982,6.589572429656982
6.58317232131958,6.589572429656982
6.58317232131958,6.58317232131958
6.589572429656982,6.58317232131958
6.599715232849121,6.589572429656982
6.593307971954346,6.599715232849121
6.593307971954346,6.593307971954346
6.593307971954346,6.593307971954346
6.586897850036621,6.593307971954346
6.679241180419922,6.586897850036621
6.6857008934021,6.679241180419922
6.6857008934021,6.6857008934021
6.679241180419922,6.6857008934021
6.679241180419922,6.679241180419922
6.722302436828613,6.679241180419922
6.709301471710205,6.722302436828613
6.6897783279418945,6.709301471710205
6.670230388641357,6.6897783279418945
6.6506571769714355,6.670230388641357
6.621504306793213,6.641104221343994
6.614965438842773,6.621504306793213
6.608423709869385,6.614965438842773
6.601879119873047,6.608423709869385
6.659374713897705,6.601879119873047
6.652772426605225,6.659374713897705
6.632945537567139,6.652772426605225
6.626331329345703,6.632945537567139
6.626331329345703,6.626331329345703
6.61971378326416,6.626331329345703
6.568784236907959,6.61971378326416
6.568784236907959,6.568784236907959
6.562185764312744,6.568784236907959
6.55558443069458,6.562185764312744
6.55558443069458,6.55558443069458
6.600598335266113,6.55558443069458
6.600598335266113,6.600598335266113
6.607232570648193,6.600598335266113
6.607232570648193,6.607232570648193
6.607232570648193,6.607232570648193
6.683860778808594,6.607232570648193
6.69054651260376,6.683860778808594
6.697229862213135,6.69054651260376
6.697229862213135,6.697229862213135
6.710587024688721,6.697229862213135
6.71726131439209,6.710587024688721
6.72791051864624,6.71726131439209
6.72791051864624,6.71726131439209
6.72791051864624,6.72791051864624
6.72791051864624,6.72791051864624
6.734597206115723,6.72791051864624
6.76077127456665,6.734597206115723
6.767465114593506,6.76077127456665
6.77415657043457,6.767465114593506
6.7942118644714355,6.77415657043457
6.814241409301758,6.7942118644714355
6.861380577087402,6.814241409301758
6.8813886642456055,6.861380577087402
6.901368618011475,6.8813886642456055
6.927967548370361,6.901368618011475
6.947885036468506,6.927967548370361
6.998565673828125,6.947885036468506
7.01848840713501,6.998565673828125
7.038383960723877,7.01848840713501
7.051631927490234,7.038383960723877
7.078092575073242,7.051631927490234
7.1044158935546875,7.078092575073242
7.111025333404541,7.1044158935546875
7.124235153198242,7.111025333404541
7.13743257522583,7.124235153198242
7.13743257522583,7.13743257522583
7.144026279449463,7.13743257522583
7.1108784675598145,7.144026279449463
7.1174492835998535,7.1174492835998535
7.1174492835998535,7.1174492835998535
7.1174492835998535,7.1174492835998535
7.305857181549072,7.1174492835998535
7.312524318695068,7.305857181549072
7.312524318695068,7.312524318695068
7.319188594818115,7.312524318695068
7.312524318695068,7.319188594818115
7.242933750152588,7.312524318695068
7.249556064605713,7.242933750152588
7.249556064605713,7.249556064605713
7.242933750152588,7.249556064605713
7.236307621002197,7.242933750152588
7.200173377990723,7.236307621002197
7.18691349029541,7.200173377990723
7.193545341491699,7.18691349029541
7.193545341491699,7.193545341491699
7.206799030303955,7.193545341491699
7.21342134475708,7.206799030303955
7.206714153289795,7.21342134475708
7.200081825256348,7.206714153289795
7.186807632446289,7.200081825256348
7.1801652908325195,7.186807632446289
7.166872024536133,7.1801652908325195
7.071566581726074,7.166872024536133
7.058365345001221,7.071566581726074
7.051759719848633,7.058365345001221
7.038540363311768,7.045151710510254
7.046905994415283,7.038540363311768
7.03367805480957,7.046905994415283
7.027060031890869,7.03367805480957
7.03367805480957,7.027060031890869
7.027060031890869,7.03367805480957
6.9118781089782715,7.027060031890869
6.89876651763916,6.9118781089782715
6.89876651763916,6.89876651763916
6.885643482208252,6.89876651763916
6.846205234527588,6.86593770980835
6.993932723999023,6.846205234527588
6.987236976623535,6.993932723999023
6.973835468292236,6.987236976623535
6.967130184173584,6.973835468292236
6.960421562194824,6.967130184173584
7.044712543487549,6.960421562194824
7.0311598777771,7.044712543487549
7.004017353057861,7.0311598777771
6.990427494049072,7.004017353057861
6.976823806762695,6.990427494049072
7.02463960647583,6.976823806762695
7.004092216491699,7.02463960647583
6.990377426147461,6.990377426147461
6.98351526260376,6.98351526260376
7.02821159362793,6.98351526260376
7.021308898925781,7.02821159362793
7.014402389526367,7.021308898925781
7.0074920654296875,7.014402389526367
7.0074920654296875,7.0074920654296875
7.014402389526367,7.0074920654296875
7.0363359451293945,7.014402389526367
7.043248653411865,7.0363359451293945
7.043248653411865,7.043248653411865
7.043248653411865,7.043248653411865
7.063969135284424,7.043248653411865
7.05381965637207,7.063969135284424
7.06760311126709,7.05381965637207
7.0813727378845215,7.06760311126709
7.0813727378845215,7.0813727378845215
7.10200309753418,7.0813727378845215
7.106878757476807,7.10200309753418
7.120575428009033,7.106878757476807
7.134259223937988,7.120575428009033
7.1410956382751465,7.134259223937988
7.16840934753418,7.1410956382751465
7.205165386199951,7.16840934753418
7.218803405761719,7.205165386199951
7.239234924316406,7.218803405761719
7.246038913726807,7.239234924316406
7.280007839202881,7.246038913726807
7.273709297180176,7.280007839202881
7.287221431732178,7.273709297180176
7.30072021484375,7.287221431732178
7.30072021484375,7.30072021484375
7.30072021484375,7.30072021484375
7.307465076446533,7.30072021484375
7.242092132568359,7.307465076446533
7.2554779052734375,7.242092132568359
7.262165546417236,7.2554779052734375
7.282209396362305,7.262165546417236
7.28888463973999,7.282209396362305
7.311885833740234,7.28888463973999
7.311885833740234,7.311885833740234
7.311885833740234,7.311885833740234
7.305203914642334,7.311885833740234
7.311885833740234,7.305203914642334
7.211929798126221,7.211929798126221
7.205308437347412,7.211929798126221
7.205308437347412,7.205308437347412
7.198684215545654,7.205308437347412
7.1793084144592285,7.198684215545654
7.172678470611572,7.1793084144592285
7.166045188903809,7.166045188903809
7.172678470611572,7.172678470611572
7.172678470611572,7.172678470611572
7.14230489730835,7.148930549621582
7.13567590713501,7.14230489730835
7.13567590713501,7.13567590713501
7.129044055938721,7.13567590713501
7.0516462326049805,7.129044055938721
7.045052528381348,7.0516462326049805
7.038455963134766,7.045052528381348
7.0252532958984375,7.038455963134766
7.018647193908691,7.0252532958984375
6.953286647796631,7.018647193908691
6.959856986999512,6.953286647796631
6.959856986999512,6.959856986999512
6.953286647796631,6.959856986999512
6.953286647796631,6.953286647796631
6.837348937988281,6.953286647796631
6.837348937988281,6.837348937988281
6.824336051940918,6.837348937988281
6.811311721801758,6.824336051940918
6.798276424407959,6.811311721801758
6.791754722595215,6.798276424407959
6.640456676483154,6.791754722595215
6.62758207321167,6.640456676483154
6.6146979331970215,6.62758207321167
6.601802349090576,6.6146979331970215
6.588895797729492,6.601802349090576
6.479015350341797,6.588895797729492
6.466240882873535,6.479015350341797
6.453455448150635,6.466240882873535
6.44066047668457,6.453455448150635
6.427855014801025,6.44066047668457
6.289709091186523,6.427855014801025
6.283390522003174,6.289709091186523
6.277069568634033,6.283390522003174
6.277069568634033,6.277069568634033
6.270746231079102,6.277069568634033
6.264420509338379,6.270746231079102
6.177719593048096,6.264420509338379
6.171457290649414,6.177719593048096
6.171457290649414,6.171457290649414
6.171457290649414,6.171457290649414
6.165192604064941,6.171457290649414
6.062771797180176,6.165192604064941
6.056576728820801,6.062771797180176
6.056576728820801,6.056576728820801
6.050380706787109,6.056576728820801
6.056576728820801,6.050380706787109
5.843105792999268,6.056576728820801
5.849123954772949,5.843105792999268
5.861153602600098,5.849123954772949
5.867165565490723,5.861153602600098
5.7142486572265625,5.879182815551758
5.72596549987793,5.7142486572265625
5.737674713134766,5.72596549987793
5.743526935577393,5.737674713134766
5.749377250671387,5.743526935577393
5.577595233917236,5.749377250671387
5.588998317718506,5.577595233917236
5.600393295288086,5.588998317718506
5.611782073974609,5.600393295288086
5.623164176940918,5.611782073974609
5.628851890563965,5.623164176940918
5.5237932205200195,5.628851890563965
5.534968852996826,5.5237932205200195
5.546138286590576,5.534968852996826
5.557300090789795,5.546138286590576
5.574031352996826,5.557300090789795
5.520059585571289,5.574031352996826
5.525583267211914,5.520059585571289
5.531105995178223,5.525583267211914
5.547664165496826,5.531105995178223
5.558694839477539,5.547664165496826
5.484330654144287,5.558694839477539
5.495211601257324,5.484330654144287
5.500649929046631,5.500649929046631
5.511521816253662,5.506086826324463
5.516955375671387,5.511521816253662
5.4536614418029785,5.516955375671387
5.459036827087402,5.4536614418029785
5.46441125869751,5.459036827087402
5.469784259796143,5.46441125869751
5.48052453994751,5.469784259796143
5.362917423248291,5.48052453994751
5.368185997009277,5.362917423248291
5.368185997009277,5.368185997009277
5.368185997009277,5.368185997009277
5.3113250732421875,5.368185997009277
5.3113250732421875,5.3113250732421875
5.316546440124512,5.3113250732421875
5.316546440124512,5.316546440124512
5.316546440124512,5.316546440124512
5.179956436157227,5.316546440124512
5.179956436157227,5.179956436157227
5.174846172332764,5.179956436157227
5.174846172332764,5.174846172332764
5.174846172332764,5.174846172332764
5.015259265899658,5.174846172332764
5.015259265899658,5.015259265899658
5.025224685668945,5.015259265899658
5.035185813903809,5.025224685668945
5.040163993835449,5.035185813903809
4.871203422546387,5.040163993835449
4.880853652954102,4.871203422546387
4.880853652954102,4.880853652954102
4.871203422546387,4.871203422546387
4.861548900604248,4.861548900604248
4.717893123626709,4.717893123626709
4.713181495666504,4.713181495666504
4.708469390869141,4.713181495666504
5.135156154632568,4.708469390869141
4.9056501388549805,5.135156154632568
4.900768280029297,4.900768280029297
4.9056501388549805,4.900768280029297
4.910531044006348,4.9056501388549805
4.745205402374268,4.910531044006348
4.74045991897583,4.745205402374268
4.7262187004089355,4.74045991897583
4.702463626861572,4.7262187004089355
4.678683280944824,4.702463626861572
4.659641265869141,4.659641265869141
4.43781042098999,4.456222057342529
4.4332051277160645,4.43781042098999
4.423991680145264,4.4332051277160645
4.414775371551514,4.423991680145264
4.233999252319336,4.414775371551514
4.216145992279053,4.233999252319336
4.20721435546875,4.216145992279053
4.193810939788818,4.20721435546875
4.175928592681885,4.193810939788818
3.9698784351348877,4.175928592681885
3.9527394771575928,3.9698784351348877
3.9355897903442383,3.9527394771575928
3.922720432281494,3.9355897903442383
3.914137840270996,3.922720432281494
3.6542904376983643,3.914137840270996
3.6340320110321045,3.6542904376983643
3.6178152561187744,3.6340320110321045
4.146543025970459,3.6178152561187744
4.128093719482422,4.146543025970459
3.8887248039245605,4.128093719482422
3.8711464405059814,3.8711464405059814
3.8271522521972656,3.8491580486297607
3.8139402866363525,3.8271522521972656
3.800722599029541,3.8139402866363525
3.4755516052246094,3.800722599029541
3.4592299461364746,3.4755516052246094
3.442899703979492,3.4592299461364746
3.426560640335083,3.442899703979492
3.406125068664551,3.426560640335083
3.127383232116699,3.127383232116699
3.096942663192749,3.112166166305542
3.081712484359741,3.096942663192749
3.0626652240753174,3.0626652240753174
2.8370745182037354,2.8550214767456055
2.8155269622802734,2.8370745182037354
2.7939674854278564,2.8155269622802734
2.7723958492279053,2.7939674854278564
2.5642802715301514,2.7723958492279053
2.5474770069122314,2.5642802715301514
2.9698805809020996,2.5474770069122314
2.9502902030944824,2.9698805809020996
2.926767587661743,2.9502902030944824
2.9110777378082275,2.926767587661743
2.5457897186279297,2.9110777378082275
2.535388946533203,2.5457897186279297
2.5249857902526855,2.5249857902526855
2.50417160987854,2.5180487632751465
1.810041904449463,2.50417160987854
1.7973129749298096,1.7973129749298096
1.771847128868103,1.7845813035964966
1.7591100931167603,1.771847128868103
1.6518914699554443,1.7591100931167603
1.6374351978302002,1.6518914699554443
1.6229757070541382,1.6374351978302002
1.6085131168365479,1.6229757070541382
1.5940474271774292,1.6085131168365479
1.5062922239303589,1.5940474271774292
1.4947842359542847,1.5062922239303589
1.4855766296386719,1.4947842359542847
1.4717628955841064,1.4855766296386719
1.460249662399292,1.4717628955841064
1.4487346410751343,1.460249662399292
1.4204295873641968,1.4487346410751343
1.413609266281128,1.4204295873641968
1.4067884683609009,1.413609266281128
1.3954191207885742,1.4067884683609009
1.3863223791122437,1.3954191207885742
1.2693854570388794,1.3863223791122437
1.2630903720855713,1.2693854570388794
1.2588932514190674,1.2630903720855713
1.252597451210022,1.2588932514190674
1.2463011741638184,1.252597451210022
1.5153812170028687,1.2463011741638184
1.5102711915969849,1.5153812170028687
1.5051610469818115,1.5102711915969849
1.50005042552948,1.5051610469818115
1.50005042552948,1.50005042552948
1.5560247898101807,1.50005042552948
1.5533753633499146,1.5560247898101807
1.5533753633499146,1.5533753633499146
1.5480762720108032,1.5533753633499146
1.5427765846252441,1.5480762720108032
1.5401266813278198,1.5427765846252441
1.6078544855117798,1.5401266813278198
1.5995454788208008,1.6078544855117798
1.5912353992462158,1.5995454788208008
1.5856947898864746,1.5912353992462158
1.5801538228988647,1.5856947898864746
1.6557761430740356,1.5801538228988647
1.6528700590133667,1.6557761430740356
1.649963617324829,1.6528700590133667
1.6441503763198853,1.649963617324829
1.632522702217102,1.6441503763198853
1.6646085977554321,1.632522702217102
1.6527326107025146,1.6646085977554321
1.6467938423156738,1.6527326107025146
1.6438242197036743,1.6467938423156738
1.6378847360610962,1.6378847360610962
1.6395930051803589,1.6425769329071045
1.6306408643722534,1.6395930051803589
1.6246720552444458,1.6306408643722534
2.0415475368499756,1.6246720552444458
2.0340394973754883,2.0415475368499756
2.0919413566589355,2.0340394973754883
2.0880613327026367,2.0919413566589355
2.076418876647949,2.0880613327026367
2.072537422180176,2.076418876647949
2.0686557292938232,2.072537422180176
2.196866512298584,2.0686557292938232
2.184471368789673,2.196866512298584
2.176206350326538,2.184471368789673
2.1638059616088867,2.176206350326538
2.1555373668670654,2.1638059616088867
2.158440113067627,2.1555373668670654
2.1501269340515137,2.1501269340515137
2.129338502883911,2.141812562942505
2.121020793914795,2.129338502883911
2.057966709136963,2.121020793914795
2.049839973449707,2.057966709136963
2.0417120456695557,2.049839973449707
2.0335826873779297,2.0417120456695557
2.029517650604248,2.0335826873779297
2.0150094032287598,2.029517650604248
2.0069186687469482,2.0150094032287598
1.998826503753662,2.0069186687469482
1.99073326587677,1.998826503753662
1.9785912036895752,1.99073326587677
1.9704948663711548,1.9785912036895752
1.962813138961792,1.9704948663711548
1.950636863708496,1.950636863708496
1.9262763261795044,1.9384578466415405
1.9181538820266724,1.9181538820266724
1.7686066627502441,1.776189923286438
2.410365581512451,1.7686066627502441
2.4000909328460693,2.410365581512451
2.3898143768310547,2.4000909328460693
2.4401347637176514,2.3898143768310547
2.4242985248565674,2.4401347637176514
2.4137375354766846,2.4242985248565674
2.40317440032959,2.4137375354766846
2.392608880996704,2.40317440032959
2.376755475997925,2.392608880996704
2.310462713241577,2.376755475997925
2.279242753982544,2.279242753982544
2.2167415618896484,2.242793321609497
2.195889949798584,2.2167415618896484
2.0727076530456543,2.195889949798584
2.0426888465881348,2.0727076530456543
2.0076451301574707,2.0426888465881348
1.9826000928878784,2.0076451301574707
1.9895124435424805,1.962556004524231
1.9639121294021606,1.9639121294021606
1.9280521869659424,1.9485464096069336
1.9024239778518677,1.9280521869659424
1.753814697265625,1.9024239778518677
1.7346664667129517,1.753814697265625
1.7155122756958008,1.7346664667129517
1.7011429071426392,1.7155122756958008
1.681978702545166,1.7011429071426392
1.5088919401168823,1.681978702545166
1.5002046823501587,1.5088919401168823
